{
 "CO_FREQ": [
  {
   "CO_PER_A2": -0.6133439064344648,
   "SELF_CO_PER_A2": 0.5475923360764812,
   "const": 1.0086836334811555
  },
  {
   "CO_PER_A2": -0.0590677645416553,
   "SELF_CO_PER_A2": 0.5878975142230587,
   "const": 1.00178890991074
  },
  {
   "CO_PER_A2": 0.13726328378329056,
   "SELF_CO_PER_A2": 0.6268233628213649,
   "const": 0.9999158338975909
  },
  {
   "CO_PER_A2": 0.6290451117035998,
   "SELF_CO_PER_A2": 0.7707145181949064,
   "const": 0.9693797514151896
  }
 ],
 "CO_INT_EXP": -15.821695411605361,
 "PTCO_FREQ": {
  "CO_PER_A2": -2.4304119674793765,
  "SELF_CO_PER_A2": -1.0457799657350941,
  "const": 1.2783426482010856
 },
 "PTCO_INT_EXP": 5.359848212847432
}