{
 "CO_FREQ": [
  {
   "CO_PER_A2": -0.11275384914073772,
   "SELF_CO_PER_A2": 0.37576464352147343,
   "const": 1.0014800187923782
  },
  {
   "CO_PER_A2": 0.3329760305117131,
   "SELF_CO_PER_A2": 0.38597244070367065,
   "const": 0.9959731884368542
  },
  {
   "CO_PER_A2": 0.4587686935287203,
   "SELF_CO_PER_A2": 0.4605179214236257,
   "const": 0.9925159379259101
  },
  {
   "CO_PER_A2": 0.757116863972553,
   "SELF_CO_PER_A2": 0.4049060120978041,
   "const": 0.9793455886437066
  }
 ],
 "CO_INT_EXP": -13.500932927529847,
 "PTCO_FREQ": {
  "CO_PER_A2": -0.3972052552407106,
  "SELF_CO_PER_A2": 0.1633302722014618,
  "const": 1.0107349800716041
 },
 "PTCO_INT_EXP": -14.815250101741944
}