{
 "CO_FREQ": [
  {
   "CO_PER_A2": -0.5006045414962765,
   "SELF_CO_PER_A2": 0.5391665403189789
  },
  {
   "CO_PER_A2": -0.041521953324679936,
   "SELF_CO_PER_A2": 0.5914721432487509
  },
  {
   "CO_PER_A2": 0.13648762127387765,
   "SELF_CO_PER_A2": 0.6266877710480813
  },
  {
   "CO_PER_A2": 0.37692823313007906,
   "SELF_CO_PER_A2": 0.6934031318853655
  }
 ],
 "CO_INT_EXP": -15.821695411605361,
 "PTCO_FREQ": {
  "CO_PER_A2": 1.183302667241596,
  "SELF_CO_PER_A2": -1.3158579589433588
 },
 "PTCO_INT_EXP": 5.359848212847432
}