{
 "CO_FREQ": [
  {
   "CO_PER_A2": -0.09354750494144573,
   "SELF_CO_PER_A2": 0.37434385374542106
  },
  {
   "CO_PER_A2": 0.29347381093155495,
   "SELF_CO_PER_A2": 0.37794678891835876
  },
  {
   "CO_PER_A2": 0.3897926169440856,
   "SELF_CO_PER_A2": 0.4484844919830493
  },
  {
   "CO_PER_A2": 0.5870525936173338,
   "SELF_CO_PER_A2": 0.3527735638390721
  }
 ],
 "CO_INT_EXP": -13.500838633157267,
 "PTCO_FREQ": {
  "CO_PER_A2": -0.2578329108195144,
  "SELF_CO_PER_A2": 0.1529059945036241
 },
 "PTCO_INT_EXP": -14.815125413612499
}