{
 "CO_FREQ": [
  {
   "CO_PER_A2": -0.11276592608804303,
   "SELF_CO_PER_A2": 0.3757801798365923,
   "const": 1.0014802790969686
  },
  {
   "CO_PER_A2": 0.3329723197671397,
   "SELF_CO_PER_A2": 0.3859938671873211,
   "const": 0.9959728693622845
  },
  {
   "CO_PER_A2": 0.45876640844595507,
   "SELF_CO_PER_A2": 0.4605416413062424,
   "const": 0.9925157460510691
  },
  {
   "CO_PER_A2": 0.7571174163406793,
   "SELF_CO_PER_A2": 0.4049237700514361,
   "const": 0.9793451863406206
  }
 ],
 "CO_INT_EXP": -13.500838633157267,
 "PTCO_FREQ": {
  "CO_PER_A2": -0.3971878806983173,
  "SELF_CO_PER_A2": 0.16332095927335,
  "const": 1.010733673041962
 },
 "PTCO_INT_EXP": -14.815125413612499
}