{
 "CN_ADSORBATE": [
  [
   1,
   1,
   2,
   2,
   1,
   1
  ],
  [
   2,
   1,
   2,
   2,
   1,
   2
  ],
  [
   1,
   1,
   1,
   1
  ],
  [
   1,
   1,
   1,
   1
  ],
  [
   1,
   1,
   2,
   2
  ]
 ],
 "CN_METAL": [
  [
   8,
   8,
   14,
   14,
   8,
   8
  ],
  [
   14,
   8,
   14,
   14,
   8,
   14
  ],
  [
   7,
   7,
   7,
   7
  ],
  [
   7,
   7,
   7,
   7
  ],
  [
   9,
   9,
   15,
   15
  ]
 ],
 "COVERAGE": [
  0.75,
  0.75,
  1.0,
  1.0,
  0.5
 ],
 "FREQUENCIES": [
  [
   62.36466370193176,
   69.57161370147185,
   79.61895680782271,
   82.02223520165943,
   87.08175709374035,
   93.45889173780212,
   102.43962014313625,
   103.598320462811,
   126.56260582666476,
   130.2582717937355,
   218.6008111757473,
   218.7730193707542,
   361.01524984742616,
   365.4765132763277,
   379.2554695487086,
   380.9355879942619,
   381.97932321333735,
   387.5073002170872,
   388.5504098144622,
   394.9260238926765,
   396.52716475614847,
   397.4734902856306,
   440.85053690276055,
   441.28874122869587,
   443.37932285719126,
   447.11055839743307,
   477.26639071280914,
   478.28850392343116,
   479.7226684881674,
   483.26398622010436,
   1824.7763557975825,
   1827.210177091155,
   2016.7418679831546,
   2028.4437735558338,
   2042.0720723067052,
   2077.3277806337724
  ],
  [
   70.06428688566027,
   78.31696116582503,
   98.59649924695985,
   99.74050142143366,
   100.16843138296503,
   104.63067192236608,
   136.2400254831831,
   137.47995536301372,
   213.0778410437826,
   217.12676575772738,
   238.11797895592665,
   238.3645618476571,
   329.61010816171125,
   338.5082564936136,
   353.67744252869284,
   359.0356336922529,
   380.79225389729606,
   382.2029556837845,
   392.38697845070334,
   397.2382356954996,
   411.5991906666858,
   426.95770854683417,
   432.0204084943309,
   438.94898446238193,
   445.10864711118745,
   446.8700175239588,
   474.6639732798979,
   475.7976090802884,
   480.0008933238194,
   487.3542002261857,
   1835.683760671336,
   1849.9402724000404,
   1856.917285895199,
   1879.771452094646,
   2055.1047786875024,
   2070.036171385993
  ],
  [
   0.0,
   0.0,
   53.126434140570076,
   56.67365233639357,
   89.6203208126823,
   96.09069453757392,
   286.8982773156488,
   287.4154473428695,
   363.2940875654373,
   369.7506164189762,
   376.62153817750203,
   385.4819119747733,
   428.42817695910094,
   428.8968032711196,
   466.9917015361795,
   468.90428189545776,
   477.38666498145585,
   481.01589640914125,
   490.5194798612044,
   490.75731089996043,
   1981.8322577839754,
   1987.332215277659,
   2027.111244827643,
   2083.5347183604777
  ],
  [
   28.526882184740856,
   64.21925974360042,
   65.20383295682733,
   67.10359696837122,
   69.82342863725778,
   103.19982060731296,
   107.8648863989044,
   129.92502596789154,
   364.4672884219348,
   370.4147162300594,
   375.4328492237164,
   376.59838206016303,
   404.07396636048065,
   408.04211140047215,
   446.27310177724445,
   450.3187129956413,
   471.2664418369621,
   474.9280266548507,
   478.1312550447868,
   482.523877858062,
   1986.2157716546378,
   2000.9934431675335,
   2002.3416393914524,
   2070.605123526111
  ],
  [
   53.602570433084054,
   57.289761339515074,
   61.83147046123395,
   64.57071329891087,
   65.04122465611557,
   70.57551264297747,
   199.49719431695328,
   200.3154502857642,
   379.5862225993634,
   380.0242118456999,
   387.1358962819256,
   389.84627678835767,
   390.7800074658862,
   399.3994139770361,
   400.2788935620983,
   401.02874686738534,
   402.82365368697674,
   413.53139960509804,
   477.011026905069,
   477.95485076548755,
   1824.705927899493,
   1837.3130723072957,
   2053.774183885157,
   2075.3595410023636
  ]
 ],
 "GCN": [
  [
   6.666666666666667,
   6.666666666666667,
   6.666666666666667,
   6.666666666666667,
   6.666666666666667,
   6.666666666666667
  ],
  [
   6.666666666666667,
   6.666666666666667,
   6.666666666666667,
   6.666666666666667,
   6.666666666666667,
   6.666666666666667
  ],
  [
   5.833333333333333,
   5.833333333333333,
   5.833333333333333,
   5.833333333333333
  ],
  [
   5.833333333333333,
   5.833333333333333,
   5.833333333333333,
   5.833333333333333
  ],
  [
   7.5,
   7.5,
   7.333333333333333,
   7.333333333333333
  ]
 ],
 "IMAGINARY": [
  [
   0.0,
   0.0,
   0.0,
   0.0,
   0.0,
   0.0,
   0.0,
   0.0,
   0.0,
   0.0,
   0.0,
   0.0,
   0.0,
   0.0,
   0.0,
   0.0,
   0.0,
   0.0,
   0.0,
   0.0,
   0.0,
   0.0,
   0.0,
   0.0,
   0.0,
   0.0,
   0.0,
   0.0,
   0.0,
   0.0,
   0.0,
   0.0,
   0.0,
   0.0,
   0.0,
   0.0
  ],
  [
   0.0,
   0.0,
   0.0,
   0.0,
   0.0,
   0.0,
   0.0,
   0.0,
   0.0,
   0.0,
   0.0,
   0.0,
   0.0,
   0.0,
   0.0,
   0.0,
   0.0,
   0.0,
   0.0,
   0.0,
   0.0,
   0.0,
   0.0,
   0.0,
   0.0,
   0.0,
   0.0,
   0.0,
   0.0,
   0.0,
   0.0,
   0.0,
   0.0,
   0.0,
   0.0,
   0.0
  ],
  [
   0.0,
   0.0,
   0.0,
   0.0,
   0.0,
   0.0,
   0.0,
   0.0,
   0.0,
   0.0,
   0.0,
   0.0,
   0.0,
   0.0,
   0.0,
   0.0,
   0.0,
   0.0,
   0.0,
   0.0,
   0.0,
   0.0,
   0.0,
   0.0
  ],
  [
   0.0,
   0.0,
   0.0,
   0.0,
   0.0,
   0.0,
   0.0,
   0.0,
   0.0,
   0.0,
   0.0,
   0.0,
   0.0,
   0.0,
   0.0,
   0.0,
   0.0,
   0.0,
   0.0,
   0.0,
   0.0,
   0.0,
   0.0,
   0.0
  ],
  [
   0.0,
   0.0,
   0.0,
   0.0,
   0.0,
   0.0,
   0.0,
   0.0,
   0.0,
   0.0,
   0.0,
   0.0,
   0.0,
   0.0,
   0.0,
   0.0,
   0.0,
   0.0,
   0.0,
   0.0,
   0.0,
   0.0,
   0.0,
   0.0
  ]
 ],