{
 "CN_CO": [
  1
 ],
 "CN_PT": [
  9
 ],
 "CO_CN_CO": [],
 "FREQUENCIES": [
  [
   57.601801069809966,
   58.996576237975155,
   63.76894579384688,
   64.33920514739468,
   69.15949993296462,
   72.07605550108802,
   200.54047963496245,
   201.46186454584537,
   383.49963928845546,
   384.58737661235995,
   387.4346668393355,
   391.91001766436705,
   394.42627852641965,
   397.99191527253936,
   400.58674524917365,
   401.9423324285581,
   402.6010031293923,
   411.00896667555554,
   476.16542553029524,
   477.08120028110733,
   1823.2041757579943,
   1835.5802358079013,
   2051.6777604075796,
   2073.291018071941
  ]
 ],
 "GCN": [
  7.5
 ],
 "INTENSITIES": [
  [
   2.9222154204813453e-06,
   4.207861586087373e-06,
   2.497015357005786e-07,
   9.303766916537834e-10,
   2.4551277878105586e-07,
   2.245284409646703e-06,
   6.168453358818198e-10,
   3.9436252633906967e-07,
   0.0016762584598095205,
   0.010016193087721375,
   9.63095463327185e-06,
   0.0035889702076976763,
   2.5976249838891342e-05,
   1.8408317121666162e-08,
   1.546082467511925e-06,
   0.00033320581299011316,
   1.3801408999483097e-05,
   7.010625355468575e-05,
   0.0003307509223478994,
   0.08844732017296704,
   1.4096570382660684e-05,
   1.7428873149785613,
   2.669843683210663e-05,
   4.442933138614904
  ]
 ],
 "MIN_SEPARATION": [
  3.663694061826784
 ],
 "MIXED_FACTOR": [
  [
   0.03819289858362869,
   0.9816032513429671,
   0.03943645684568367,
   0.3955496282388005,
   0.09957924956633918,
   0.671101489619487,
   0.020688249561161345,
   0.010806392520406658,
   0.11044782010549961,
   0.1609028074629674,
   0.9073910755580782,
   0.9094758615219866,
   0.12820212748365123,
   0.16973219861924818,
   0.2882438996121774,
   0.8462432880996942,
   0.39333883324506286,
   0.9876002121247937,
   0.008004912106797749,
   0.04090737594508504,
   0.004027382806504641,
   0.14041165099224628,
   0.0032510175561046317,
   0.14043564584944404
  ]
 ],
 "MODE_ID": [
  [
   "rPtCO_Atop",
   "rPtCO_Bridge",
   "rPtCO_Bridge",
   "rPtCO_Atop",
   "rPtCO_Atop",
   "rPtCO_Atop",
   "rPtCO_Bridge",
   "rPtCO_Bridge",
   "pPtCO_Bridge",
   "pPtCO_Bridge",
   "pPtCO_Bridge",
   "pPtCO_Bridge",
   "pPtCO_Bridge",
   "pPtCO_Atop",
   "pPtCO_Atop",
   "pPtCO_Atop",
   "pPtCO_Bridge",
   "pPtCO_Atop",
   "vPtCO_Atop",
   "vPtCO_Atop",
   "CO_Bridge",
   "CO_Bridge",
   "CO_Atop",
   "CO_Atop"
  ]
 ],
 "NUM_C12O16": [],
 "NUM_C12O18": [],
 "NUM_C13O16": [],
 "NUM_C13O18": [],
 "NUM_CO": [],
 "NUM_PT": [
  32
 ],
 "REDUCED_MASS": [],
 "REDUCED_MASS_NORMED": [],
 "SURFACE_PT": [
  8
 ]
}